epoch,loss,mean_squared_error,val_loss,val_mean_squared_error
0,0.01062859771389866,0.15380242899890095,0.00918129718075823,0.15208901313034076
