epoch,decoded_imap_loss,decoded_mmap_loss,loss,val_decoded_imap_loss,val_decoded_mmap_loss,val_loss
0,0.011544384728648112,0.022098677656804965,0.03364306242266088,0.008232612651094649,0.015317726364919862,0.02355033904314041
1,0.00724024536340671,0.01407602672029927,0.02131627210061862,0.006174095350236279,0.013993182526991783,0.02016727784558118
2,0.005754060936712865,0.011915274324080485,0.017669335257974577,0.004953630297960153,0.011319321987119694,0.01627295230090329
3,0.004769828713433614,0.010660197444882506,0.015430026166772439,0.004136395613545353,0.009765670268606502,0.013902065859546939
4,0.004155542906125687,0.009785588763058907,0.013941131672003367,0.0036269147084682313,0.00955353675012305,0.013180451449549314
