epoch,loss,val_loss
0,0.010717092005233788,0.00970603965078164
